description,amount,category
Spotify £112.38,112.38,Entertainment
KFC £19.14,19.14,Eating Out
Waitrose £95.04,95.04,Groceries
Starbucks £109.48,109.48,Eating Out
Argos £111.82,111.82,Shopping
KFC £118.26,118.26,Eating Out
Argos £42.72,42.72,Shopping
Waitrose £21.11,21.11,Groceries
Spotify £65.3,65.3,Entertainment
British Gas £83.46,83.46,Bills
Lidl £27.13,27.13,Groceries
IKEA £54.49,54.49,Shopping
Nando's £33.22,33.22,Eating Out
Netflix £81.7,81.7,Entertainment
Asda £116.25,116.25,Groceries
Lidl £117.6,117.6,Groceries
Thames Water £11.4,11.4,Bills
IKEA £86.95,86.95,Shopping
eBay £57.54,57.54,Shopping
Thames Water £57.5,57.5,Bills
Argos £31.81,31.81,Shopping
Shell Petrol Station £99.1,99.1,Transport
O2 Mobile £40.91,40.91,Bills
KFC £110.68,110.68,Eating Out
Shell Petrol Station £11.35,11.35,Transport
Uber £92.93,92.93,Transport
McDonald's £80.88,80.88,Eating Out
British Gas £72.71,72.71,Bills
Asda £59.61,59.61,Groceries
Starbucks £93.35,93.35,Eating Out
McDonald's £90.42,90.42,Eating Out
IKEA £50.57,50.57,Shopping
Trainline £46.84,46.84,Transport
Lidl £70.34,70.34,Groceries
Spotify £34.3,34.3,Entertainment
Steam Purchase £40.78,40.78,Entertainment
British Gas £112.5,112.5,Bills
Aldi £111.26,111.26,Groceries
O2 Mobile £8.17,8.17,Bills
Lidl £105.8,105.8,Groceries
Uber £58.8,58.8,Transport
Spotify £116.57,116.57,Entertainment
Uber £17.9,17.9,Transport
Trainline £63.46,63.46,Transport
Odeon £8.44,8.44,Entertainment
Sainsbury's £84.84,84.84,Groceries
McDonald's £26.45,26.45,Eating Out
British Gas £36.02,36.02,Bills
Trainline £112.04,112.04,Transport
Trainline £52.66,52.66,Transport
Waitrose £101.93,101.93,Groceries
Netflix £5.19,5.19,Entertainment
Netflix £116.86,116.86,Entertainment
Thames Water £22.16,22.16,Bills
Cineworld £114.77,114.77,Entertainment
Shell Petrol Station £9.86,9.86,Transport
Aldi £47.64,47.64,Groceries
Local Restaurant £55.62,55.62,Eating Out
Trainline £71.06,71.06,Transport
Starbucks £24.99,24.99,Eating Out
Currys £35.85,35.85,Shopping
Spotify £63.55,63.55,Entertainment
Local Restaurant £40.29,40.29,Eating Out
Odeon £48.12,48.12,Entertainment
eBay £67.0,67.0,Shopping
Tesco £96.69,96.69,Groceries
Shell Petrol Station £102.48,102.48,Transport
Argos £117.77,117.77,Shopping
Steam Purchase £10.41,10.41,Entertainment
Aldi £35.9,35.9,Groceries
Amazon £82.97,82.97,Shopping
eBay £58.5,58.5,Shopping
KFC £111.0,111.0,Eating Out
Waitrose £45.84,45.84,Groceries
Netflix £100.72,100.72,Entertainment
eBay £43.28,43.28,Shopping
British Gas £22.47,22.47,Bills
O2 Mobile £24.7,24.7,Bills
eBay £111.97,111.97,Shopping
eBay £108.15,108.15,Shopping
Local Restaurant £23.54,23.54,Eating Out
Lidl £27.82,27.82,Groceries
Shell Petrol Station £72.23,72.23,Transport
Spotify £65.19,65.19,Entertainment
Sainsbury's £51.27,51.27,Groceries
Netflix £36.79,36.79,Entertainment
Spotify £62.77,62.77,Entertainment
Thames Water £105.22,105.22,Bills
EE Mobile £115.09,115.09,Bills
British Gas £5.93,5.93,Bills
Starbucks £66.09,66.09,Eating Out
Steam Purchase £34.16,34.16,Entertainment
Thames Water £25.69,25.69,Bills
BP Fuel £55.98,55.98,Transport
Aldi £107.77,107.77,Groceries
Cineworld £3.43,3.43,Entertainment
Tesco £108.31,108.31,Groceries
Tesco £51.95,51.95,Groceries
Netflix £52.33,52.33,Entertainment
Nando's £6.29,6.29,Eating Out
eBay £58.24,58.24,Shopping
Netflix £79.32,79.32,Entertainment
Nando's £49.66,49.66,Eating Out
Lidl £67.02,67.02,Groceries
Thames Water £32.26,32.26,Bills
Netflix £37.06,37.06,Entertainment
BP Fuel £76.59,76.59,Transport
McDonald's £73.32,73.32,Eating Out
EE Mobile £116.99,116.99,Bills
Stagecoach Bus £5.59,5.59,Transport
BT Broadband £99.14,99.14,Bills
Sainsbury's £86.29,86.29,Groceries
Sainsbury's £34.48,34.48,Groceries
Uber £99.65,99.65,Transport
Starbucks £23.85,23.85,Eating Out
Lidl £62.25,62.25,Groceries
EE Mobile £107.04,107.04,Bills
Currys £66.85,66.85,Shopping
Nando's £104.37,104.37,Eating Out
Starbucks £106.9,106.9,Eating Out
Local Restaurant £54.18,54.18,Eating Out
Waitrose £74.82,74.82,Groceries
EE Mobile £52.89,52.89,Bills
Local Restaurant £104.57,104.57,Eating Out
BT Broadband £39.39,39.39,Bills
Asda £48.06,48.06,Groceries
McDonald's £68.18,68.18,Eating Out
Aldi £33.44,33.44,Groceries
Amazon £116.12,116.12,Shopping
Thames Water £88.47,88.47,Bills
Cineworld £56.12,56.12,Entertainment
Cineworld £30.89,30.89,Entertainment
EE Mobile £48.82,48.82,Bills
IKEA £10.94,10.94,Shopping
KFC £87.11,87.11,Eating Out
Shell Petrol Station £107.11,107.11,Transport
Thames Water £101.55,101.55,Bills
Trainline £85.67,85.67,Transport
Argos £20.54,20.54,Shopping
Amazon £66.72,66.72,Shopping
McDonald's £82.41,82.41,Eating Out
Currys £16.38,16.38,Shopping
Stagecoach Bus £117.31,117.31,Transport
Cineworld £94.7,94.7,Entertainment
BT Broadband £14.33,14.33,Bills
Local Restaurant £71.97,71.97,Eating Out
Lidl £4.43,4.43,Groceries
Lidl £84.85,84.85,Groceries
Thames Water £84.29,84.29,Bills
Shell Petrol Station £79.39,79.39,Transport
Steam Purchase £11.24,11.24,Entertainment
Starbucks £80.03,80.03,Eating Out
Cineworld £4.87,4.87,Entertainment
eBay £52.91,52.91,Shopping
Starbucks £85.6,85.6,Eating Out
Tesco £79.5,79.5,Groceries
Waitrose £67.87,67.87,Groceries
Asda £25.35,25.35,Groceries
IKEA £4.68,4.68,Shopping
Aldi £106.03,106.03,Groceries
Odeon £79.16,79.16,Entertainment
KFC £65.51,65.51,Eating Out
eBay £48.95,48.95,Shopping
EE Mobile £82.81,82.81,Bills
Currys £11.19,11.19,Shopping
McDonald's £5.94,5.94,Eating Out
Steam Purchase £29.5,29.5,Entertainment
eBay £81.63,81.63,Shopping
Argos £39.71,39.71,Shopping
Thames Water £101.96,101.96,Bills
Uber £87.31,87.31,Transport
Spotify £50.45,50.45,Entertainment
Tesco £38.67,38.67,Groceries
Local Restaurant £15.13,15.13,Eating Out
McDonald's £63.39,63.39,Eating Out
British Gas £61.65,61.65,Bills
Spotify £39.83,39.83,Entertainment
Steam Purchase £118.24,118.24,Entertainment
Amazon £57.58,57.58,Shopping
Local Restaurant £109.85,109.85,Eating Out
Nando's £68.12,68.12,Eating Out
Spotify £46.72,46.72,Entertainment
Odeon £78.46,78.46,Entertainment
BT Broadband £88.52,88.52,Bills
Netflix £58.53,58.53,Entertainment
KFC £31.51,31.51,Eating Out
Sainsbury's £56.37,56.37,Groceries
Aldi £119.33,119.33,Groceries
Amazon £116.37,116.37,Shopping
Local Restaurant £4.73,4.73,Eating Out
Thames Water £84.79,84.79,Bills
EE Mobile £10.1,10.1,Bills
Waitrose £67.12,67.12,Groceries
Lidl £40.19,40.19,Groceries
Argos £68.95,68.95,Shopping
Argos £53.66,53.66,Shopping
Asda £5.0,5.0,Groceries
Sainsbury's £85.29,85.29,Groceries
Netflix £13.74,13.74,Entertainment
McDonald's £78.1,78.1,Eating Out
Argos £74.57,74.57,Shopping
Steam Purchase £16.18,16.18,Entertainment
Thames Water £61.35,61.35,Bills
Spotify £99.88,99.88,Entertainment
Thames Water £51.41,51.41,Bills
Netflix £31.95,31.95,Entertainment
Trainline £119.0,119.0,Transport
Argos £102.25,102.25,Shopping
Spotify £95.66,95.66,Entertainment
Waitrose £84.15,84.15,Groceries
BP Fuel £37.33,37.33,Transport
Nando's £70.6,70.6,Eating Out
Asda £46.78,46.78,Groceries
eBay £108.57,108.57,Shopping
Odeon £17.42,17.42,Entertainment
KFC £9.58,9.58,Eating Out
Local Restaurant £6.84,6.84,Eating Out
Spotify £106.31,106.31,Entertainment
Cineworld £107.82,107.82,Entertainment
Tesco £113.27,113.27,Groceries
KFC £101.74,101.74,Eating Out
Stagecoach Bus £96.12,96.12,Transport
Nando's £112.26,112.26,Eating Out
Cineworld £42.21,42.21,Entertainment
British Gas £112.05,112.05,Bills
Nando's £82.26,82.26,Eating Out
BP Fuel £100.07,100.07,Transport
Trainline £61.8,61.8,Transport
British Gas £112.66,112.66,Bills
Thames Water £117.44,117.44,Bills
BP Fuel £98.91,98.91,Transport
Tesco £48.94,48.94,Groceries
Nando's £37.41,37.41,Eating Out
Trainline £58.14,58.14,Transport
Currys £107.5,107.5,Shopping
KFC £102.24,102.24,Eating Out
Amazon £4.13,4.13,Shopping
Spotify £22.19,22.19,Entertainment
McDonald's £98.11,98.11,Eating Out
McDonald's £92.59,92.59,Eating Out
Local Restaurant £26.18,26.18,Eating Out
Trainline £78.54,78.54,Transport
Aldi £44.15,44.15,Groceries
O2 Mobile £100.5,100.5,Bills
Asda £8.0,8.0,Groceries
Amazon £104.9,104.9,Shopping
Starbucks £56.53,56.53,Eating Out
Stagecoach Bus £68.71,68.71,Transport
Uber £30.24,30.24,Transport
Stagecoach Bus £42.17,42.17,Transport
British Gas £119.9,119.9,Bills
O2 Mobile £64.83,64.83,Bills
EE Mobile £117.96,117.96,Bills
Shell Petrol Station £40.85,40.85,Transport
Odeon £62.18,62.18,Entertainment
Waitrose £7.07,7.07,Groceries
Local Restaurant £71.13,71.13,Eating Out
O2 Mobile £56.23,56.23,Bills
Shell Petrol Station £44.09,44.09,Transport
EE Mobile £32.96,32.96,Bills
Odeon £49.82,49.82,Entertainment
KFC £34.55,34.55,Eating Out
Uber £94.56,94.56,Transport
Waitrose £95.86,95.86,Groceries
Waitrose £107.79,107.79,Groceries
British Gas £11.13,11.13,Bills
McDonald's £8.73,8.73,Eating Out
Odeon £21.5,21.5,Entertainment
Odeon £3.59,3.59,Entertainment
Netflix £63.98,63.98,Entertainment
eBay £12.1,12.1,Shopping
IKEA £90.99,90.99,Shopping
Odeon £106.88,106.88,Entertainment
Local Restaurant £107.61,107.61,Eating Out
Trainline £41.31,41.31,Transport
EE Mobile £52.82,52.82,Bills
eBay £66.03,66.03,Shopping
Waitrose £104.17,104.17,Groceries
Waitrose £116.92,116.92,Groceries
Lidl £117.98,117.98,Groceries
Spotify £39.75,39.75,Entertainment
Steam Purchase £46.34,46.34,Entertainment
EE Mobile £116.21,116.21,Bills
Amazon £99.51,99.51,Shopping
Argos £102.97,102.97,Shopping
Currys £84.3,84.3,Shopping
eBay £22.7,22.7,Shopping
Thames Water £74.04,74.04,Bills
Cineworld £105.64,105.64,Entertainment
Local Restaurant £12.49,12.49,Eating Out
Amazon £102.32,102.32,Shopping
Aldi £88.39,88.39,Groceries
Uber £83.29,83.29,Transport
Spotify £5.41,5.41,Entertainment
Nando's £25.92,25.92,Eating Out
Thames Water £43.0,43.0,Bills
Asda £83.86,83.86,Groceries
Odeon £11.64,11.64,Entertainment
Netflix £97.82,97.82,Entertainment
Lidl £17.61,17.61,Groceries
